n_samples,condition,noise_condition,model_name,noise_ratio,delta_mean_wer,delta_mean_wacc,delta_mean_cosine_similarity,delta_mean_bleu,delta_mean_bigram_rep_count,delta_mean_trigram_rep_count,delta_mean_fourgram_rep_count,delta_bigram_rep_rate,delta_trigram_rep_rate,delta_fourgram_rep_rate,delta_mean_normalized_score_gpt2,delta_mean_normalized_score_Qwen3-0.6B,delta_primary_fluency_mean,delta_hallucination_like_rate,delta_hallucination_like_rate_strict,delta_wacc_threshold,delta_fluency_threshold
11112,base,base,base,0.0,0.0,0.0,0.0,0.0,0.0,0.0,0.0,0.0,0.0,0.0,0.0,0.0,0.0,0.0,0.0,0.0,0.0
11112,rr,RR,rr,0.08,0.0571758607973179,-0.05717586079731796,-0.026019095685219984,-0.05772895891075247,0.10754139668826496,0.08819294456443483,0.06803455723542115,0.02087832973362131,0.02123830093592513,0.018268538516918648,-0.042659595790943805,-0.03793762718943816,-0.03793762718943816,0.04526637868970483,0.03194744420446363,0.0,0.0
11113,ru,RU,ru,0.08,0.013006720797504756,-0.013006720797504867,-0.012719247383561005,-0.023133442989075714,-0.1630864950582591,-0.1503838165006549,-0.1392226118536091,-0.002793105085742334,-0.0025204948420107674,-0.0028801421252987423,-0.0320850140300839,-0.02856659513613491,-0.02856659513613491,0.0014297866338964377,-0.0023452708503917258,0.0,0.0
11113,ur,UR,ur,0.08,0.21355190662166165,-0.2135519066216618,-0.05758699732815031,-0.06625222157608357,-0.14292992167573412,-0.1602821337867163,-0.14120227531082136,0.003415839393696163,-0.0056699594330302935,-0.005219744392913247,0.0032914640227299508,0.00814809585250309,0.00814809585250309,0.061629552673669666,0.05839440340498486,0.0,0.0
11113,uu,UU,uu,0.08,0.03016984090382749,-0.03016984090382757,-0.026083516339690638,-0.04773792007767563,-0.190171890541027,-0.16685101707655703,-0.1518204702176872,-0.0052226920559573994,-0.00369029597581802,-0.003869973853904879,-0.05271796410199847,-0.05029235043901692,-0.05029235043901692,0.011688042730360032,0.0067431841122646274,0.0,0.0
