condition,model_name,noise_condition,noise_ratio,n_samples,mean_wer,mean_wacc,mean_cosine_similarity,mean_bleu,mean_bigram_rep_count,mean_trigram_rep_count,mean_fourgram_rep_count,bigram_rep_rate,trigram_rep_rate,fourgram_rep_rate,mean_normalized_score_fairseq_scaled,primary_fluency_mean,hallucination_like_rate,hallucination_like_rate_strict,wacc_threshold,fluency_threshold
base,base,base,0.0,11112,0.12020960508730513,0.879790394912695,0.9051258489746026,0.7965078783245991,0.3802195824334053,0.21535277177825773,0.1808855291576674,0.039776817854571635,0.010259179265658747,0.007019438444924406,0.769903744948248,0.769903744948248,0.09719222462203024,0.052015838732901366,0.879790394912695,0.769903744948248
rr,rr,RR,0.08,11112,0.17738546588462303,0.822614534115377,0.8791067532893826,0.7387789194138467,0.48776097912167027,0.30354571634269256,0.24892008639308855,0.060655147588192945,0.031497480201583876,0.025287976961843053,0.7124343257270068,0.7124343257270068,0.10646148308135349,0.05723542116630669,0.879790394912695,0.769903744948248
ru,ru,RU,0.08,11113,0.1332163258848099,0.8667836741151901,0.8924066015910416,0.7733744353355234,0.21713308737514622,0.06496895527760281,0.04166291730405831,0.0369837127688293,0.0077386844236479796,0.004139296319625663,0.7386380775211088,0.7386380775211088,0.09817331053720868,0.0523710969135247,0.879790394912695,0.769903744948248
ur,ur,UR,0.08,11113,0.3337615117089668,0.6662384882910332,0.8475388516464523,0.7302556567485156,0.2372896607576712,0.05507063799154144,0.03968325384684604,0.0431926572482678,0.0045892198326284534,0.001799694052011158,0.7623696431446351,0.7623696431446351,0.1261585530459822,0.07774678304688203,0.879790394912695,0.769903744948248
uu,uu,UU,0.08,11113,0.15037944599113262,0.8496205540088674,0.8790423326349119,0.7487699582469235,0.1900476918923783,0.04850175470170071,0.029065058939980203,0.034554125798614235,0.006568883289840727,0.0031494645910195265,0.7222932607480744,0.7222932607480744,0.10762170431026725,0.060019796634572124,0.879790394912695,0.769903744948248
