noise_ratio,condition,model_name,n_samples,noise_condition,delta_mean_wer,delta_mean_wacc,delta_mean_cosine_similarity,delta_mean_bleu,delta_mean_bigram_rep_count,delta_mean_trigram_rep_count,delta_mean_fourgram_rep_count,delta_bigram_rep_rate,delta_trigram_rep_rate,delta_fourgram_rep_rate,delta_mean_normalized_score_fairseq_scaled,delta_primary_fluency_mean,delta_hallucination_like_rate,delta_hallucination_like_rate_strict,delta_wacc_threshold,delta_fluency_threshold
0.0,base,base,11112,base,0.0,0.0,0.0,0.0,0.0,0.0,0.0,0.0,0.0,0.0,0.0,0.0,0.0,0.0,0.0,0.0
0.08,rr,rr,11112,RR,0.0571758607973179,-0.05717586079731796,-0.026019095685219984,-0.05772895891075247,0.10754139668826496,0.08819294456443483,0.06803455723542115,0.02087832973362131,0.02123830093592513,0.018268538516918648,-0.05746941922124116,-0.05746941922124116,0.009269258459323249,0.005219582433405326,0.0,0.0
0.08,ru,ru,11113,RU,0.013006720797504756,-0.013006720797504867,-0.012719247383561005,-0.023133442989075714,-0.1630864950582591,-0.1503838165006549,-0.1392226118536091,-0.002793105085742334,-0.0025204948420107674,-0.0028801421252987423,-0.03126566742713921,-0.03126566742713921,0.0009810859151784396,0.0003552581806233329,0.0,0.0
0.08,ur,ur,11113,UR,0.21355190662166165,-0.2135519066216618,-0.05758699732815031,-0.06625222157608357,-0.14292992167573412,-0.1602821337867163,-0.14120227531082136,0.003415839393696163,-0.0056699594330302935,-0.005219744392913247,-0.007534101803612914,-0.007534101803612914,0.028966328423951956,0.02573094431398066,0.0,0.0
0.08,uu,uu,11113,UU,0.03016984090382749,-0.03016984090382757,-0.026083516339690638,-0.04773792007767563,-0.190171890541027,-0.16685101707655703,-0.1518204702176872,-0.0052226920559573994,-0.00369029597581802,-0.003869973853904879,-0.04761048420017355,-0.04761048420017355,0.010429479688237014,0.008003957901670758,0.0,0.0
